id_empleado,Nombre,Apellido,telefono,correo_electronico,cargo
1,Cecile,O'Hannigan,5087291164,cohannigan0@delicious.com,tester
2,Valina,Waind,3618428095,vwaind1@wikia.com,mecanico superior
3,Johnnie,Miles,9736694997,jmiles2@marriott.com,mecanico superior
4,Llywellyn,Cudihy,9345532924,lcudihy3@nyu.edu,mecanico superior
5,Natal,Persse,5161726344,npersse4@noaa.gov,tester
6,Bonita,Riglar,2691782690,briglar5@marriott.com,mecanico raso
7,Dagmar,Nore,2768116683,dnore6@shareasale.com,mecanico raso
8,Aurore,Cozby,5505296690,acozby7@ihg.com,mecanico raso
9,Heindrick,Madgin,9058649194,hmadgin8@census.gov,mecanico superior
10,Amelina,Frenzl,6346059321,afrenzl9@telegraph.co.uk,mecanico superior
11,Lew,Soars,4136824868,lsoarsa@disqus.com,mecanico superior
12,Shaylyn,Spurdon,7005971433,sspurdonb@nyu.edu,mecanico raso
13,Shaw,Shefton,7723570154,ssheftonc@blogs.com,mecanico superior
14,Kendra,Shadrack,3348835039,kshadrackd@xrea.com,mecanico raso
15,Salomi,Hyde,5579706271,shydee@drupal.org,tester
16,Stanislaus,Steabler,5793494118,ssteablerf@webmd.com,mecanico raso
17,Latashia,Whimp,4676762461,lwhimpg@usnews.com,mecanico superior
18,Vaughan,Britney,5226555026,vbritneyh@linkedin.com,tester
19,Rubetta,Shailer,7616497415,rshaileri@stanford.edu,mecanico raso
20,Federico,Campaigne,6799192297,fcampaignej@abc.net.au,mecanico raso
21,Nye,Feuell,2107068806,nfeuellk@1688.com,mecanico superior
22,Cami,Bhar,9467448955,cbharl@paginegialle.it,mecanico superior
23,Earl,McVicar,9299083044,emcvicarm@unc.edu,mecanico raso
24,Serena,Blanc,5083465214,sblancn@homestead.com,mecanico raso
25,Aymer,Marchent,5123539358,amarchento@ibm.com,mecanico raso
26,Jami,Latchmore,5177405134,jlatchmorep@uol.com.br,mecanico raso
27,Lorant,Lapping,6299422971,llappingq@hexun.com,mecanico raso
28,Salli,Worsfold,2506704559,sworsfoldr@stanford.edu,mecanico raso
29,Gnni,Kleinstub,2148276281,gkleinstubs@time.com,tester
30,Bentlee,Pearcey,5399642737,bpearceyt@spotify.com,mecanico superior
31,Gabbi,Lemmanbie,8461265330,glemmanbieu@yellowbook.com,mecanico raso
32,Adelind,Clavey,8862440378,aclaveyv@comcast.net,mecanico superior
33,Erna,Shelbourne,4782271190,eshelbournew@google.it,mecanico raso
34,Vladamir,Poulsum,3535143288,vpoulsumx@biblegateway.com,mecanico superior
35,Monte,Pendreigh,2634851073,mpendreighy@sourceforge.net,tester
36,Adele,Littlekit,5117448930,alittlekitz@marriott.com,tester
37,Lorita,Pinckard,4006865360,lpinckard10@bravesites.com,mecanico superior
38,Roosevelt,Rozenbaum,8438860691,rrozenbaum11@dailymail.co.uk,tester
39,Fanya,Ridolfi,1162820925,fridolfi12@edublogs.org,mecanico raso
40,Starr,Storey,5092524080,sstorey13@wufoo.com,tester
41,Kippy,Cardenosa,8228700074,kcardenosa14@edublogs.org,tester
42,Arlyne,Orgill,2229143267,aorgill15@spiegel.de,mecanico raso
43,Kipp,Pelling,5205996927,kpelling16@smugmug.com,mecanico raso
44,Rodge,Pantone,6136533199,rpantone17@china.com.cn,mecanico raso
45,Lenna,Beesley,9887283954,lbeesley18@china.com.cn,mecanico raso
46,Chelsae,Odom,5139037019,codom19@wikispaces.com,mecanico raso
47,Enriqueta,Capener,3837922212,ecapener1a@opera.com,mecanico raso
48,Ginger,Fransinelli,6017576774,gfransinelli1b@digg.com,tester
49,Yetta,Zanolli,5795838389,yzanolli1c@vk.com,mecanico raso
50,Elysee,Brigg,4683882313,ebrigg1d@dropbox.com,mecanico raso
51,Aland,Bletsor,9918932856,abletsor1e@cloudflare.com,mecanico superior
52,Abbott,Adanet,7206696825,aadanet1f@slideshare.net,tester
53,Rockey,Tunesi,2251233330,rtunesi1g@wunderground.com,mecanico superior
54,Fidelity,McCarry,7273708663,fmccarry1h@forbes.com,mecanico raso
55,Gregory,Kopisch,5782131648,gkopisch1i@wiley.com,mecanico superior
56,Tatiana,Souley,3136474932,tsouley1j@diigo.com,mecanico raso
57,Johnny,Cod,1038466082,jcod1k@pinterest.com,tester
58,Clemence,Toke,8442188167,ctoke1l@blogspot.com,mecanico superior
59,Augustine,Chippindall,6189889482,achippindall1m@bbc.co.uk,mecanico superior
60,Blair,Devorill,9055146793,bdevorill1n@elegantthemes.com,mecanico superior
61,Dorri,Liversedge,5413104304,dliversedge1o@hostgator.com,tester
62,Carolus,Sivyer,3487377947,csivyer1p@moonfruit.com,tester
63,Oralla,Woodgate,1456354618,owoodgate1q@pen.io,tester
64,Kathe,Heinel,8136423164,kheinel1r@t.co,mecanico raso
65,Bernardine,Bathurst,5086802004,bbathurst1s@addthis.com,tester
66,Ammamaria,Hakeworth,8877422230,ahakeworth1t@ustream.tv,mecanico superior
67,Jaquelin,Blindt,1589865787,jblindt1u@infoseek.co.jp,tester
68,Araldo,Decourcy,9109580740,adecourcy1v@amazon.co.jp,mecanico raso
69,Malvin,Lambarth,7378936592,mlambarth1w@disqus.com,tester
70,Brandyn,Meardon,5958213124,bmeardon1x@geocities.com,tester
71,Orin,Streeten,1718994089,ostreeten1y@scientificamerican.com,mecanico superior
72,Twyla,Ickeringill,9657941011,tickeringill1z@nydailynews.com,mecanico superior
73,Anthe,Ellick,2635832338,aellick20@acquirethisname.com,mecanico superior
74,Revkah,Kirlin,9676305576,rkirlin21@cafepress.com,mecanico superior
75,Gilberta,Farnin,8891260375,gfarnin22@freewebs.com,mecanico superior
76,Ellary,Huckett,8478781466,ehuckett23@blinklist.com,tester
77,Madeline,Lorrie,7591181975,mlorrie24@loc.gov,mecanico superior
78,Waylan,Humphery,2371278742,whumphery25@fda.gov,mecanico superior
79,Calla,Giovannoni,7256859629,cgiovannoni26@newyorker.com,mecanico raso
80,Chiquia,Garmston,7027686406,cgarmston27@pinterest.com,mecanico raso
81,Hertha,Salway,3356605295,hsalway28@bloglovin.com,mecanico superior
82,Price,Menezes,8887716834,pmenezes29@fda.gov,tester
83,Catharina,Rounsefull,4284578827,crounsefull2a@prlog.org,mecanico superior
84,Cathleen,Wickling,6403883894,cwickling2b@skyrock.com,tester
85,Wes,Posse,1517963112,wposse2c@simplemachines.org,mecanico raso
86,Karena,Ganning,3293716273,kganning2d@accuweather.com,tester
87,Loree,Calfe,8275746495,lcalfe2e@arizona.edu,mecanico superior
88,Darrel,Clem,1665270419,dclem2f@hao123.com,tester
89,Winfred,Pencot,4693277703,wpencot2g@etsy.com,mecanico superior
90,Michell,Simeons,8562142277,msimeons2h@pcworld.com,tester
91,Wenona,Lorenzetto,4258224990,wlorenzetto2i@hexun.com,mecanico superior
92,Harp,Iacobini,6625119332,hiacobini2j@constantcontact.com,tester
93,Mathilda,Keysel,6373779785,mkeysel2k@walmart.com,mecanico superior
94,Shawna,Lodin,8361567152,slodin2l@creativecommons.org,mecanico superior
95,Ab,Jerram,1061066662,ajerram2m@globo.com,mecanico raso
96,Eddy,Merwede,8665705591,emerwede2n@nymag.com,mecanico superior
97,Bjorn,Klimentyonok,7986796213,bklimentyonok2o@princeton.edu,mecanico superior
98,Ray,Graveson,5065021774,rgraveson2p@admin.ch,mecanico superior
99,Christophorus,Hearsum,1293946758,chearsum2q@hud.gov,tester
100,Tibold,Fendt,3821728420,tfendt2r@domainmarket.com,tester
101,Bertrand,Penkethman,9597949135,bpenkethman2s@unesco.org,mecanico raso
102,Fred,Savery,1195337399,fsavery2t@si.edu,tester
103,Bondie,Gianinotti,7686276610,bgianinotti2u@sbwire.com,mecanico superior
104,Aguste,Smidmor,6214971840,asmidmor2v@earthlink.net,mecanico superior
105,Annabelle,Heaker,3797109465,aheaker2w@nymag.com,mecanico raso
106,Lyle,Wethered,4817986689,lwethered2x@webmd.com,mecanico superior
107,Ashely,Steinor,3037033561,asteinor2y@scribd.com,tester
108,Quintus,Medd,3536693425,qmedd2z@prnewswire.com,tester
109,Alisander,Rossant,5107148539,arossant30@home.pl,mecanico raso
110,Paola,Squier,5141262688,psquier31@foxnews.com,mecanico superior
111,Alva,Roussel,1479565442,aroussel32@wordpress.com,mecanico superior
112,Chaddy,Leathes,7534621047,cleathes33@friendfeed.com,tester
113,Carmen,Derbyshire,1229429932,cderbyshire34@biglobe.ne.jp,mecanico raso
114,Georgine,Churches,7321246689,gchurches35@state.tx.us,mecanico superior
115,Fanya,Abrahamowitcz,2038041234,fabrahamowitcz36@feedburner.com,tester
116,Hugo,Dunn,3362273115,hdunn37@joomla.org,mecanico raso
117,Corabella,Zimek,2582784921,czimek38@hatena.ne.jp,tester
118,Petunia,Mahody,6793469028,pmahody39@sourceforge.net,mecanico superior
119,Elyse,Bremen,8817465810,ebremen3a@wikia.com,tester
120,Evelyn,Murby,4105427265,emurby3b@newsvine.com,mecanico superior
121,Jerrylee,Kindred,1528722024,jkindred3c@whitehouse.gov,mecanico superior
122,Verne,Astill,3038828548,vastill3d@drupal.org,mecanico superior
123,Nydia,Keefe,4284103031,nkeefe3e@google.de,mecanico superior
124,Andros,Stennet,4507078805,astennet3f@archive.org,mecanico raso
125,Fabian,Macura,8038880662,fmacura3g@ask.com,tester
126,Abigail,Esmead,8461736620,aesmead3h@statcounter.com,mecanico raso
127,Zacharias,Ajean,8591442696,zajean3i@flavors.me,mecanico superior
128,Miranda,Whiff,7743962925,mwhiff3j@elegantthemes.com,mecanico superior
129,Joice,Hattigan,5324408486,jhattigan3k@jimdo.com,mecanico superior
130,Rianon,Jobe,3752690404,rjobe3l@senate.gov,mecanico superior
131,Bryana,Asty,5021761661,basty3m@mail.ru,tester
132,Loutitia,Tresler,3172058336,ltresler3n@tripadvisor.com,mecanico superior
133,Windy,Sooley,2103907657,wsooley3o@dedecms.com,tester
134,Mikael,Skottle,2096037430,mskottle3p@cbsnews.com,tester
135,Whitby,Geerdts,5809956848,wgeerdts3q@howstuffworks.com,mecanico raso
136,Cody,Hampstead,7024527669,champstead3r@t.co,mecanico superior
137,Tull,Dodamead,5128726444,tdodamead3s@engadget.com,mecanico superior
138,Hale,Andrez,2723178930,handrez3t@sitemeter.com,mecanico raso
139,Brana,Simpole,9902511928,bsimpole3u@google.co.uk,mecanico raso
140,Sena,Hilland,8485009291,shilland3v@t.co,mecanico superior
141,Freddie,Mussard,4704589827,fmussard3w@statcounter.com,mecanico raso
142,Joanna,Kitchaside,9103670337,jkitchaside3x@list-manage.com,mecanico superior
143,Garrott,Duncklee,2316886833,gduncklee3y@bloglovin.com,tester
144,Alfy,Cowdray,9654305053,acowdray3z@dropbox.com,mecanico superior
145,Lana,Heiss,1825855581,lheiss40@alexa.com,mecanico superior
146,Carolus,Leidecker,5824516850,cleidecker41@github.com,mecanico superior
147,Perry,Featenby,3943540993,pfeatenby42@themeforest.net,tester
148,Zabrina,Coomber,7242530290,zcoomber43@netvibes.com,tester
149,Thadeus,Vigus,3293994422,tvigus44@cafepress.com,mecanico raso
150,Ashleigh,Fidelus,9147215964,afidelus45@hibu.com,mecanico raso
151,Reamonn,Cottrell,4048200644,rcottrell46@narod.ru,mecanico raso
152,Lin,Molohan,7744449265,lmolohan47@rakuten.co.jp,mecanico superior
153,Lemuel,Gayton,6166541323,lgayton48@wikia.com,tester
154,Lilllie,Stolli,4501383801,lstolli49@utexas.edu,tester
155,Quintin,Pennigar,4016027826,qpennigar4a@businessinsider.com,mecanico raso
156,Klaus,Bedingfield,3976432352,kbedingfield4b@tumblr.com,mecanico superior
157,Fayina,Fallows,4105347583,ffallows4c@livejournal.com,mecanico raso
158,Thor,Swateridge,6183846669,tswateridge4d@mit.edu,tester
159,Alissa,Pinkerton,8144796374,apinkerton4e@webs.com,tester
160,Maye,McQuorkell,4534115772,mmcquorkell4f@sohu.com,mecanico raso
161,Claudina,Windram,4642839463,cwindram4g@weebly.com,tester
162,Nat,Durman,4597272401,ndurman4h@nytimes.com,mecanico superior
163,Ginnie,Cockshtt,6721564639,gcockshtt4i@dion.ne.jp,tester
164,Patsy,Eldershaw,6031009864,peldershaw4j@behance.net,mecanico superior
165,Ruttger,Trembath,7156051145,rtrembath4k@mac.com,tester
166,Hazlett,Whife,4715365416,hwhife4l@example.com,mecanico raso
167,Engracia,Storek,9508678181,estorek4m@techcrunch.com,tester
168,Karlis,Suatt,4678141147,ksuatt4n@behance.net,mecanico raso
169,Shelagh,Garraway,9176609941,sgarraway4o@ovh.net,tester
170,Bale,Rapin,5296527085,brapin4p@whitehouse.gov,mecanico superior
171,Hirsch,Docharty,5371090161,hdocharty4q@nature.com,tester
172,Kimberlee,Rubury,9571968721,krubury4r@pbs.org,tester
173,Stanfield,Paris,6858792374,sparis4s@hexun.com,mecanico raso
174,Heywood,Pickersail,3688468245,hpickersail4t@bbb.org,mecanico superior
175,Jarret,Antognetti,8366042900,jantognetti4u@bloglovin.com,mecanico superior
176,Donelle,Veale,6788695684,dveale4v@gizmodo.com,mecanico raso
177,Cymbre,Woan,4236992148,cwoan4w@toplist.cz,mecanico raso
178,Diena,Sneller,6052822437,dsneller4x@youtu.be,mecanico raso
179,Evangelina,Swetland,1937286934,eswetland4y@patch.com,mecanico raso
180,Hurleigh,Cairns,7566910947,hcairns4z@omniture.com,tester
181,Pyotr,Norley,2872060170,pnorley50@soup.io,mecanico raso
182,Mechelle,Doll,2834280764,mdoll51@time.com,mecanico superior
183,Angelico,Lettsom,3801856623,alettsom52@sitemeter.com,mecanico raso
184,Sharla,Whelband,5993108760,swhelband53@cbsnews.com,tester
185,Clyve,Jorden,3626952424,cjorden54@altervista.org,mecanico superior
186,Niko,Hovard,5405268330,nhovard55@apple.com,tester
187,Demetra,Saturley,9848685937,dsaturley56@topsy.com,mecanico raso
188,Holt,Crewdson,9329942492,hcrewdson57@loc.gov,tester
189,Gustavo,Minchinton,8616373615,gminchinton58@qq.com,tester
190,Edithe,Cabrara,8326198168,ecabrara59@japanpost.jp,tester
191,Aleece,O'Hdirscoll,7421338146,aohdirscoll5a@woothemes.com,tester
192,Zollie,Giles,3838121981,zgiles5b@chronoengine.com,mecanico raso
193,Lynnett,Nott,9555088680,lnott5c@yahoo.co.jp,mecanico superior
194,Barnabe,Tomkys,1549197772,btomkys5d@list-manage.com,mecanico raso
195,Hieronymus,Grinikhinov,1282750796,hgrinikhinov5e@thetimes.co.uk,mecanico superior
196,Dorri,Tuley,8973726480,dtuley5f@yolasite.com,tester
197,Lou,Tomala,2786990740,ltomala5g@drupal.org,mecanico raso
198,Muriel,Cassells,9462311697,mcassells5h@businesswire.com,tester
199,Denna,Kos,7785338735,dkos5i@istockphoto.com,tester
200,Traver,Meeke,1896600022,tmeeke5j@naver.com,mecanico superior
201,Zahara,Purver,9742879740,zpurver5k@over-blog.com,mecanico superior
202,Mala,Eccleston,2091145577,meccleston5l@histats.com,mecanico raso
203,Nealy,Mullins,3354167132,nmullins5m@e-recht24.de,mecanico superior
204,Constantine,Jeske,1486807950,cjeske5n@vkontakte.ru,mecanico raso
205,Marven,Fawbert,6627377419,mfawbert5o@netvibes.com,tester
206,Dorthea,Scarfe,9063695672,dscarfe5p@engadget.com,tester
207,Winnie,Andreoletti,5227124135,wandreoletti5q@netvibes.com,mecanico superior
208,Jefferey,Bergeon,5929614365,jbergeon5r@mapquest.com,mecanico raso
209,Erica,Rouke,7647805424,erouke5s@cnet.com,tester
210,Cull,Galbraeth,2291805787,cgalbraeth5t@woothemes.com,tester
211,Chrisse,Janecek,9209181068,cjanecek5u@census.gov,tester
212,Scottie,Raybould,7062577469,sraybould5v@icio.us,mecanico superior
213,Petrina,Seid,5998944186,pseid5w@joomla.org,mecanico raso
214,Glynn,Perham,8262464397,gperham5x@zdnet.com,tester
215,Norton,McNeillie,3927435888,nmcneillie5y@cocolog-nifty.com,tester
216,Leodora,Noyes,4983669842,lnoyes5z@examiner.com,mecanico raso
217,Branden,Dunnett,8395591372,bdunnett60@zdnet.com,mecanico raso
218,Matelda,Geere,6278604594,mgeere61@uol.com.br,mecanico raso
219,Garry,Pyrah,3519667385,gpyrah62@ezinearticles.com,mecanico raso
220,Francyne,Caddock,4798141029,fcaddock63@wikispaces.com,mecanico superior
221,Adamo,Gwyllt,1401657079,agwyllt64@nba.com,mecanico raso
222,Berkley,Dodgson,4288450281,bdodgson65@washingtonpost.com,tester
223,Tallie,Noades,2402945500,tnoades66@phpbb.com,tester
224,Deonne,Spacie,9382199745,dspacie67@ow.ly,tester
225,Eustace,Shand,4276836676,eshand68@51.la,mecanico raso
226,Amie,Pietruschka,9448006183,apietruschka69@infoseek.co.jp,mecanico raso
227,Andie,Waiting,5253763539,awaiting6a@usgs.gov,mecanico raso
228,Ermanno,Ivachyov,2725510584,eivachyov6b@samsung.com,mecanico superior
229,Adi,Camus,9561280564,acamus6c@ycombinator.com,mecanico superior
230,Orsola,Petrollo,6134941771,opetrollo6d@cnet.com,tester
231,Shandie,Doul,2267683780,sdoul6e@theguardian.com,tester
232,Sibella,Friskey,6704001642,sfriskey6f@google.de,tester
233,Derick,Zold,6772295765,dzold6g@gmpg.org,mecanico superior
234,Aylmar,Witty,2476586352,awitty6h@discuz.net,mecanico superior
235,Tadeas,Love,7266060658,tlove6i@hostgator.com,mecanico raso
236,Dell,End,9279161599,dend6j@purevolume.com,mecanico raso
237,Angela,Pikhno,4857784144,apikhno6k@ucla.edu,mecanico raso
238,Janelle,Hawler,6165807344,jhawler6l@altervista.org,mecanico raso
239,Gerik,Atheis,9159320802,gatheis6m@netscape.com,tester
240,Elianora,Warriner,9062944795,ewarriner6n@hp.com,tester
241,Mallory,Nealy,6764427999,mnealy6o@hatena.ne.jp,tester
242,Golda,Jaskiewicz,3246542225,gjaskiewicz6p@cnbc.com,mecanico superior
243,Ninette,Vondrys,7486237880,nvondrys6q@twitpic.com,mecanico raso
244,Shannan,McLaggan,5089708334,smclaggan6r@bluehost.com,tester
245,Garik,Dawidowitz,5583359230,gdawidowitz6s@addtoany.com,mecanico raso
246,Elvin,Leyborne,4461675871,eleyborne6t@nature.com,tester
247,Issy,Peat,8699128217,ipeat6u@privacy.gov.au,mecanico superior
248,Lyndell,Ivan,2514539155,livan6v@t.co,tester
249,Nikkie,Witcomb,7606445958,nwitcomb6w@biblegateway.com,tester
250,Frederick,Laying,4167506535,flaying6x@howstuffworks.com,mecanico superior
251,Robbin,Ellens,6402189453,rellens6y@opensource.org,mecanico superior
252,Maudie,Pauwel,3474657666,mpauwel6z@list-manage.com,mecanico raso
253,Floyd,Cordova,9509244896,fcordova70@toplist.cz,tester
254,Avril,Gaish,5253698912,agaish71@usatoday.com,mecanico raso
255,Delbert,Ballintime,2241281242,dballintime72@rediff.com,mecanico superior
256,Tessie,Skunes,5465739690,tskunes73@amazon.de,mecanico superior
257,Lorne,Watling,4887179555,lwatling74@addthis.com,mecanico raso
258,Willa,Hasley,4143496175,whasley75@theatlantic.com,mecanico raso
259,Jennee,Marrett,4713758376,jmarrett76@wiley.com,tester
260,Alyse,Baldacchi,2162026680,abaldacchi77@mapquest.com,mecanico raso
261,Adelaide,McGavigan,4181273784,amcgavigan78@list-manage.com,tester
262,Leicester,Bodycote,3461984827,lbodycote79@addthis.com,tester
263,Rowland,Pattington,9926845189,rpattington7a@google.com.au,mecanico superior
264,Vivien,Stefi,5968069307,vstefi7b@free.fr,mecanico raso
265,Hilarius,Pawlett,3289423290,hpawlett7c@jigsy.com,tester
266,Luigi,Eltone,2423104512,leltone7d@webs.com,mecanico raso
267,Merrielle,Gross,7156307794,mgross7e@bandcamp.com,mecanico superior
268,Gabrielle,Yoslowitz,1531013250,gyoslowitz7f@cocolog-nifty.com,tester
269,Ignatius,Baudinet,3007581395,ibaudinet7g@tripadvisor.com,mecanico superior
270,Hamnet,Isacke,2292619098,hisacke7h@smh.com.au,mecanico raso
271,Liam,Dorton,6148660047,ldorton7i@wikia.com,tester
272,Donny,Crocroft,5484010223,dcrocroft7j@lycos.com,tester
273,Trix,Stearn,5151125284,tstearn7k@buzzfeed.com,mecanico superior
274,Birch,Buckner,4665025552,bbuckner7l@google.ru,tester
275,Candie,Tanti,6133211339,ctanti7m@answers.com,mecanico raso
276,Nicola,Crossfield,1414949408,ncrossfield7n@sina.com.cn,mecanico superior
277,Olivette,Ottiwill,8247321201,oottiwill7o@ehow.com,mecanico raso
278,Darlleen,Cummine,7627676153,dcummine7p@comsenz.com,mecanico superior
279,Cathie,Ciccotti,4285140458,cciccotti7q@tinypic.com,tester
280,Almeria,McQuin,7337822208,amcquin7r@1und1.de,tester
281,Rudolf,Gutowski,8587616018,rgutowski7s@cargocollective.com,mecanico superior
282,Son,Deekes,3918102869,sdeekes7t@shinystat.com,mecanico raso
283,Thane,McGiven,9732910088,tmcgiven7u@eventbrite.com,mecanico superior
284,Jaymee,Mcmanaman,3973701647,jmcmanaman7v@w3.org,tester
285,Guillemette,Coggill,2752140283,gcoggill7w@google.co.uk,tester
286,Edyth,Baglin,4172131931,ebaglin7x@theatlantic.com,mecanico raso
287,Barthel,Howland,2438672754,bhowland7y@aol.com,mecanico superior
288,Vinnie,Bardnam,2682664826,vbardnam7z@123-reg.co.uk,tester
289,Orsola,Cobley,5017684276,ocobley80@over-blog.com,mecanico superior
290,Tanner,Duding,7726191576,tduding81@auda.org.au,tester
291,Ivor,Whieldon,2319203084,iwhieldon82@mtv.com,mecanico raso
292,Ferris,Shepcutt,7441645844,fshepcutt83@elegantthemes.com,tester
293,Samantha,Stillert,9098017532,sstillert84@squidoo.com,mecanico raso
294,Scot,Hounson,3068068414,shounson85@tinyurl.com,mecanico raso
295,Cheston,Vigar,2554584444,cvigar86@hibu.com,mecanico superior
296,Randi,Caton,5718161877,rcaton87@google.de,mecanico raso
297,Dian,Parkes,6611815871,dparkes88@dropbox.com,mecanico raso
298,Marin,Capper,4273570808,mcapper89@cam.ac.uk,tester
299,Morty,Brunnen,8674183223,mbrunnen8a@histats.com,tester
300,Gerladina,Dudson,7468177530,gdudson8b@google.it,mecanico raso
301,Hunt,Verrills,6091108792,hverrills8c@eepurl.com,tester
302,Claire,Dearan,5611873740,cdearan8d@jigsy.com,tester
303,Granger,Casemore,4156589152,gcasemore8e@indiegogo.com,mecanico superior
304,Martainn,Woodyatt,6614746303,mwoodyatt8f@fema.gov,mecanico superior
305,Wallas,McInerney,7711526632,wmcinerney8g@nytimes.com,tester
306,Felice,Dalglish,2912853888,fdalglish8h@mtv.com,mecanico raso
307,Tobe,Tresler,4243375097,ttresler8i@huffingtonpost.com,mecanico superior
308,Chandal,Ram,8644386278,cram8j@ucla.edu,mecanico superior
309,Dannye,Butrimovich,9189596662,dbutrimovich8k@php.net,mecanico raso
310,Larisa,Venediktov,1128080201,lvenediktov8l@hibu.com,mecanico superior
311,Jourdan,Backler,6464401280,jbackler8m@cnet.com,mecanico superior
312,Lonnie,Ghiraldi,6443663548,lghiraldi8n@cnbc.com,tester
313,Aubrey,Boydon,6184126557,aboydon8o@ox.ac.uk,mecanico raso
314,Alexa,Lampl,1465204113,alampl8p@163.com,mecanico superior
315,Amalia,Dulany,8056515095,adulany8q@tiny.cc,mecanico raso
316,Calv,Bisterfeld,2706301000,cbisterfeld8r@gnu.org,tester
317,Marvin,Reany,1425233798,mreany8s@skype.com,mecanico superior
318,Reinaldo,Dowdell,6769267599,rdowdell8t@free.fr,tester
319,Bart,Warbeys,2678642212,bwarbeys8u@netvibes.com,mecanico superior
320,Griff,Matts,1052014583,gmatts8v@washingtonpost.com,tester
321,Nicholle,Jull,8857846204,njull8w@flavors.me,tester
322,Siffre,Elacoate,3745382174,selacoate8x@deliciousdays.com,mecanico superior
323,Aimil,Eadmeades,6026002093,aeadmeades8y@arizona.edu,tester
324,Pietra,Conibeer,3234783619,pconibeer8z@marriott.com,mecanico raso
325,Andrew,Sotheby,3756250431,asotheby90@reverbnation.com,tester
326,Tammara,Gwatkin,6357956168,tgwatkin91@trellian.com,tester
327,Netti,Gerriet,3267939670,ngerriet92@deviantart.com,mecanico superior
328,Donalt,Penas,1321281673,dpenas93@wikispaces.com,tester
329,Katrina,Boor,5552099908,kboor94@arizona.edu,mecanico raso
330,Alasteir,Heminsley,3101869413,aheminsley95@ebay.co.uk,mecanico raso
331,Burr,Baily,4213041691,bbaily96@hud.gov,tester
332,Dacie,Bryce,7611008332,dbryce97@tinypic.com,mecanico raso
333,Mandi,Antill,4165250298,mantill98@mlb.com,mecanico raso
334,Terrie,Avory,9207690681,tavory99@hatena.ne.jp,mecanico superior
335,Skyler,Yerrington,4311773997,syerrington9a@scientificamerican.com,tester
336,Lennie,Grangier,8108324174,lgrangier9b@ovh.net,tester
337,Edee,Hosby,6001869057,ehosby9c@acquirethisname.com,mecanico superior
338,Patric,De Malchar,5383229933,pdemalchar9d@nature.com,mecanico superior
339,Kala,Dur,5804560488,kdur9e@360.cn,tester
340,Elbert,Burnand,6213595033,eburnand9f@economist.com,mecanico raso
341,Clareta,Buncher,9943432747,cbuncher9g@theglobeandmail.com,mecanico raso
342,Terrence,Pargiter,8239540931,tpargiter9h@dyndns.org,tester
343,Elihu,Sellor,2802837440,esellor9i@aboutads.info,tester
344,Jobye,Crombleholme,3351811176,jcrombleholme9j@exblog.jp,tester
345,Julie,Klamp,9995518502,jklamp9k@weather.com,mecanico raso
346,Durant,Merrall,2832369088,dmerrall9l@quantcast.com,mecanico superior
347,Alanah,Braghini,5672239099,abraghini9m@oakley.com,tester
348,Javier,Sobczak,6883065001,jsobczak9n@issuu.com,tester
349,Gabriel,Klaassens,8764270047,gklaassens9o@dmoz.org,mecanico raso
350,Sammie,Bifield,7961924134,sbifield9p@barnesandnoble.com,mecanico raso
351,Shadow,Barkworth,8277007491,sbarkworth9q@oakley.com,mecanico raso
352,Brandtr,Kindall,7401410701,bkindall9r@mayoclinic.com,mecanico superior
353,Elisa,Kemsley,3335331189,ekemsley9s@economist.com,mecanico superior
354,Ciro,Haire,2517238413,chaire9t@cmu.edu,tester
355,Rees,Juliano,7877237044,rjuliano9u@usa.gov,mecanico raso
356,Annabelle,Roy,3571199713,aroy9v@mayoclinic.com,mecanico raso
357,Faye,Rogan,9656010855,frogan9w@cnn.com,mecanico superior
358,Elvin,Rontree,2766372625,erontree9x@discuz.net,tester
359,Wheeler,Skeemer,5471496093,wskeemer9y@bloglines.com,tester
360,Nance,Stoile,6059550975,nstoile9z@ucsd.edu,tester
361,Hamilton,Aleixo,7481193280,haleixoa0@spotify.com,mecanico superior
362,Nesta,Jantel,1115661870,njantela1@facebook.com,mecanico raso
363,Teddi,Domenge,5042851932,tdomengea2@hao123.com,mecanico raso
364,Rhetta,Petraitis,1127025892,rpetraitisa3@mapy.cz,mecanico superior
365,Sarette,Harlock,7184613591,sharlocka4@photobucket.com,mecanico raso
366,Micheline,Skally,8848474279,mskallya5@yellowpages.com,mecanico superior
367,Kylen,Beall,2303144076,kbealla6@etsy.com,mecanico raso
368,Ase,Arnaez,5224737861,aarnaeza7@people.com.cn,mecanico superior
369,Harp,Turle,4024182928,hturlea8@paypal.com,mecanico raso
370,Lorry,McIllrick,9075610226,lmcillricka9@theguardian.com,mecanico superior
371,Arlene,Gogay,7953334284,agogayaa@tiny.cc,tester
372,Sunny,Hennington,9289963568,shenningtonab@google.com.br,mecanico raso
373,Lalo,Fredi,7212501190,lfrediac@gmpg.org,tester
374,Kean,Stamps,3212353383,kstampsad@youtu.be,mecanico raso
375,Wallas,Heisler,6769101281,wheislerae@sphinn.com,mecanico raso
376,Gearalt,Skones,6907966326,gskonesaf@nps.gov,mecanico raso
377,Odelinda,Tippin,8627976481,otippinag@arstechnica.com,mecanico raso
378,Gan,Sheals,9136553927,gshealsah@google.nl,tester
379,Torr,Bate,4808033637,tbateai@simplemachines.org,mecanico raso
380,Noam,Melsom,1096285393,nmelsomaj@epa.gov,tester
381,Jackie,Joncic,5244909971,jjoncicak@cbc.ca,mecanico superior
382,Daffy,Bullingham,3516114293,dbullinghamal@cdbaby.com,mecanico raso
383,Gabie,Anwell,2826238970,ganwellam@acquirethisname.com,mecanico superior
384,Amie,Daft,1866479783,adaftan@businessweek.com,mecanico superior
385,Ethe,Otson,6556380404,eotsonao@people.com.cn,mecanico superior
386,Cecily,Jerke,1184314243,cjerkeap@tripadvisor.com,mecanico raso
387,Fredia,Giorgioni,4089401121,fgiorgioniaq@163.com,tester
388,Laurie,Dake,3164699336,ldakear@csmonitor.com,mecanico raso
389,Kelcy,Farncomb,7775963652,kfarncombas@ucoz.com,mecanico raso
390,Farrand,Pimlock,3465835391,fpimlockat@tmall.com,tester
391,Julita,Mildmott,4088391647,jmildmottau@miitbeian.gov.cn,mecanico superior
392,Dael,MacMarcuis,3139449715,dmacmarcuisav@ask.com,tester
393,Kathlin,Fraulo,6564264202,kfrauloaw@europa.eu,tester
394,Constantine,Mattei,2754155991,cmatteiax@rakuten.co.jp,mecanico raso
395,Tonia,Hallows,8964980283,thallowsay@europa.eu,tester
396,Lizzie,Darrell,3118472930,ldarrellaz@comcast.net,mecanico superior
397,Ilario,Pepperill,1969409912,ipepperillb0@cnn.com,tester
398,Geoffrey,Donnison,5652770856,gdonnisonb1@bbb.org,mecanico raso
399,Ganny,MacAloren,8636328563,gmacalorenb2@sun.com,tester
400,Quincey,Narramor,1193329834,qnarramorb3@technorati.com,mecanico superior
401,Cull,Paulton,1253296718,cpaultonb4@ask.com,mecanico superior
402,Kearney,Erb,6527366259,kerbb5@twitter.com,tester
403,Fayina,Pietzke,6138411522,fpietzkeb6@stumbleupon.com,mecanico raso
404,Annabell,Yanyushkin,1405547754,ayanyushkinb7@google.it,mecanico superior
405,Benjamin,Baumert,1857844888,bbaumertb8@oakley.com,tester
406,Darya,Lebarree,3627887868,dlebarreeb9@goo.ne.jp,tester
407,Bron,Lambal,8771418034,blambalba@wired.com,tester
408,Blaine,Edards,1242516747,bedardsbb@biglobe.ne.jp,mecanico superior
409,Colver,Grinishin,6077074373,cgrinishinbc@cdbaby.com,tester
410,Jeremias,Walsh,5457133861,jwalshbd@symantec.com,mecanico superior
411,Garland,Goldstone,7398340384,ggoldstonebe@domainmarket.com,mecanico raso
412,Nicky,Tosney,5002895300,ntosneybf@amazon.co.jp,mecanico superior
413,Carolyn,Hawe,6513261144,chawebg@icio.us,mecanico raso
414,Scott,Bronger,3336941311,sbrongerbh@cloudflare.com,mecanico raso
415,Marga,Tadlow,1229507271,mtadlowbi@slashdot.org,mecanico raso
416,Annnora,Bengoechea,7082008074,abengoecheabj@toplist.cz,mecanico raso
417,Rodrique,Duffell,7728311591,rduffellbk@craigslist.org,tester
418,Gasparo,Ander,4788577812,ganderbl@cbc.ca,tester
419,Chip,Veronique,1537208628,cveroniquebm@studiopress.com,mecanico superior
420,Barby,Taberer,2049436502,btabererbn@hubpages.com,tester
421,Kristen,Marsay,7933040975,kmarsaybo@hp.com,mecanico raso
422,Leonanie,Bernaldez,8875238149,lbernaldezbp@google.es,mecanico superior
423,Anastassia,Grzegorzewski,8533748079,agrzegorzewskibq@un.org,mecanico superior
424,Stepha,Slowan,5493678889,sslowanbr@slideshare.net,mecanico raso
425,Koenraad,Kinglesyd,2671748494,kkinglesydbs@mac.com,mecanico superior
426,Tristan,Keems,6609583751,tkeemsbt@ucoz.com,mecanico raso
427,Edwina,Mowsdill,3499238461,emowsdillbu@webmd.com,tester
428,Nev,Wegener,1294042678,nwegenerbv@ucla.edu,mecanico superior
429,Cody,Squirrel,2731867531,csquirrelbw@dell.com,tester
430,Si,Mosco,5961863486,smoscobx@sbwire.com,mecanico raso
431,Wesley,Grimsdith,1772600959,wgrimsdithby@ocn.ne.jp,mecanico superior
432,Larine,Ryal,7395203136,lryalbz@dell.com,tester
433,Edward,Bagott,3885509059,ebagottc0@liveinternet.ru,mecanico raso
434,Ram,Luxen,8259297675,rluxenc1@yandex.ru,tester
435,Richardo,Farrens,9124168825,rfarrensc2@sourceforge.net,tester
436,Elysia,Dillinton,8069425072,edillintonc3@squarespace.com,mecanico superior
437,Randene,Attride,3648131833,rattridec4@creativecommons.org,mecanico superior
438,Berky,Cropper,2234732898,bcropperc5@delicious.com,tester
439,Somerset,Kemetz,7392558061,skemetzc6@independent.co.uk,mecanico superior
440,Cesaro,Kee,4191374494,ckeec7@princeton.edu,mecanico superior
441,Elsworth,Gerling,8328057779,egerlingc8@simplemachines.org,tester
442,Tierney,Kender,5281361382,tkenderc9@google.com.hk,mecanico superior
443,Barde,Le Clercq,3454131888,bleclercqca@columbia.edu,tester
444,Frankie,Phizackarley,7004110517,fphizackarleycb@wiley.com,mecanico superior
445,Ev,Gillicuddy,5737852048,egillicuddycc@unc.edu,tester
446,Quincy,Hedgecock,9684077402,qhedgecockcd@va.gov,mecanico superior
447,Clair,Sail,1232410653,csailce@technorati.com,mecanico superior
448,Budd,Little,5523812754,blittlecf@usda.gov,mecanico raso
449,Boigie,Gouldie,4022117744,bgouldiecg@twitter.com,mecanico raso
450,Ernesto,Kemwal,4211949357,ekemwalch@xing.com,tester
451,Gail,Nafzger,1563398330,gnafzgerci@rakuten.co.jp,mecanico superior
452,Ban,Wiggins,8899281201,bwigginscj@marriott.com,tester
453,Roana,Muat,8563562496,rmuatck@prlog.org,mecanico superior
454,Robinia,Bruin,2834492525,rbruincl@jalbum.net,tester
455,Joli,Hurley,8124193728,jhurleycm@about.me,mecanico raso
456,Sheila-kathryn,Leyborne,9828992632,sleybornecn@tinyurl.com,mecanico superior
457,Lonny,Kauschke,2539859167,lkauschkeco@hud.gov,mecanico superior
458,Bari,Cisar,3983041261,bcisarcp@google.it,mecanico raso
459,Berne,Colman,6742785780,bcolmancq@ehow.com,mecanico superior
460,Abra,Freestone,4092133522,afreestonecr@networksolutions.com,tester
461,Scarlet,Gut,9729450818,sgutcs@elegantthemes.com,mecanico superior
462,Seamus,Kroch,9733293249,skrochct@naver.com,tester
463,Frederico,Overil,4215294262,foverilcu@t-online.de,mecanico superior
464,Zeb,Pinwill,4398851292,zpinwillcv@skype.com,tester
465,Teena,Marnane,9314914032,tmarnanecw@flavors.me,tester
466,Lauryn,Lightbowne,7484789671,llightbownecx@google.fr,mecanico raso
467,Jase,Drohane,6798129039,jdrohanecy@bloglines.com,tester
468,Jacquelynn,Ewebank,1551757739,jewebankcz@ted.com,tester
469,Eziechiele,McVrone,6972523454,emcvroned0@yale.edu,mecanico superior
470,Maritsa,Garshore,9001320215,mgarshored1@devhub.com,mecanico raso
471,Kimbra,Hollyman,3156737275,khollymand2@shutterfly.com,mecanico superior
472,Bambie,Coombe,7732944276,bcoombed3@google.nl,mecanico superior
473,Randie,McVrone,3082816354,rmcvroned4@odnoklassniki.ru,mecanico superior
474,Angus,Dacks,4322522122,adacksd5@tripadvisor.com,tester
475,Sol,McGinney,1369530849,smcginneyd6@google.co.jp,tester
476,Symon,Westover,3542371736,swestoverd7@i2i.jp,mecanico raso
477,Bernadene,Hagley,4299550385,bhagleyd8@sourceforge.net,tester
478,Hestia,Boyack,9191559882,hboyackd9@naver.com,tester
479,Gaylord,Sorley,8917635230,gsorleyda@craigslist.org,tester
480,Timi,Quade,3591480371,tquadedb@europa.eu,tester
481,Kerry,Castagnone,1507603925,kcastagnonedc@imageshack.us,mecanico superior
482,Melinda,Wardel,8682652223,mwardeldd@bbb.org,tester
483,Cilka,Ludman,3482197397,cludmande@cafepress.com,mecanico superior
484,Nanci,Dossettor,5123510454,ndossettordf@mail.ru,tester
485,Anderson,Chater,8945155942,achaterdg@ed.gov,mecanico superior
486,Christoffer,Jephson,6162669442,cjephsondh@sbwire.com,mecanico raso
487,Beth,Fothergill,8328064479,bfothergilldi@skype.com,mecanico raso
488,Vanny,Hennington,1492386883,vhenningtondj@salon.com,mecanico raso
489,Sheba,Culmer,9042128396,sculmerdk@google.com.hk,tester
490,Arlana,Jones,9383908074,ajonesdl@mapy.cz,mecanico superior
491,Elnar,Brosenius,3492275395,ebroseniusdm@example.com,mecanico raso
492,Idalina,Hazlehurst,8647708992,ihazlehurstdn@thetimes.co.uk,mecanico superior
493,Emanuele,Jacobovitz,3382829871,ejacobovitzdo@seesaa.net,mecanico superior
494,Hastings,Jouannin,4184456037,hjouannindp@telegraph.co.uk,tester
495,Vivianna,Joliffe,2029862282,vjoliffedq@deliciousdays.com,mecanico superior
496,Jeri,Caesar,4475748983,jcaesardr@uiuc.edu,tester
497,Dale,Gittus,3434403921,dgittusds@gizmodo.com,mecanico superior
498,Cash,Daunter,9782698290,cdaunterdt@behance.net,mecanico superior
499,Rockie,Iglesia,7387485713,riglesiadu@wiley.com,tester
500,Philippa,Jirik,6017161029,pjirikdv@booking.com,mecanico raso
501,Wolf,Purshouse,7377455240,wpurshousedw@mit.edu,mecanico superior
502,Crissie,Blasl,6517087253,cblasldx@newyorker.com,tester
503,Galen,Ife,9415713027,gifedy@nydailynews.com,mecanico raso
504,Augustine,Greatham,3386222102,agreathamdz@miibeian.gov.cn,mecanico superior
505,Candide,Mochar,9414534512,cmochare0@over-blog.com,mecanico raso
506,Deborah,Polley,8592365832,dpolleye1@joomla.org,mecanico raso
507,Lethia,Alderson,6495619696,laldersone2@paginegialle.it,mecanico raso
508,Walliw,de Savery,6063988720,wdesaverye3@geocities.jp,mecanico raso
509,Gabrila,Frankema,1858419690,gfrankemae4@g.co,tester
510,Ignacius,Antrack,8365576062,iantracke5@shutterfly.com,mecanico superior
511,Agna,Vanichkov,6708356101,avanichkove6@sina.com.cn,mecanico raso
512,Dorian,Sommerled,6015776369,dsommerlede7@google.co.uk,tester
513,Vladimir,Ellison,9729122538,vellisone8@ehow.com,tester
514,Novelia,Wotton,3813846194,nwottone9@livejournal.com,mecanico raso
515,Hilda,Grzegorzewicz,9308799220,hgrzegorzewiczea@biglobe.ne.jp,mecanico raso
516,Kyle,Baughen,3349356659,kbaugheneb@g.co,mecanico superior
517,Malvina,Nucciotti,8521148393,mnucciottiec@shutterfly.com,tester
518,Fabian,Lown,9629323103,flowned@biblegateway.com,tester
519,Brinna,Esilmon,7569526245,besilmonee@virginia.edu,tester
520,Demetra,Denning,8272904245,ddenningef@columbia.edu,tester
521,Drucill,Denacamp,8555269044,ddenacampeg@tamu.edu,tester
522,Sam,Buff,6484916692,sbuffeh@bbc.co.uk,mecanico raso
523,Jolee,Yeomans,4074979363,jyeomansei@miibeian.gov.cn,mecanico superior
524,Tandie,Willshere,4322002373,twillshereej@github.io,mecanico superior
525,Townsend,Linfitt,7302285354,tlinfittek@nationalgeographic.com,mecanico superior
526,Jennie,Jarvie,1738082039,jjarvieel@google.es,tester
527,Kele,Texton,2746127231,ktextonem@xrea.com,mecanico superior
528,Carmelita,Spenclay,4914206924,cspenclayen@ifeng.com,mecanico raso
529,Hyacintha,Caroline,3808657774,hcarolineeo@google.es,mecanico superior
530,Sibel,Popescu,5225175045,spopescuep@squidoo.com,tester
531,Analise,Sandlin,7106986786,asandlineq@dropbox.com,mecanico raso
532,Stephi,Dennes,7766317562,sdenneser@g.co,mecanico raso
533,Saundra,Guillet,6287978930,sguilletes@oakley.com,mecanico raso
534,Cristy,Tallowin,4605818886,ctallowinet@huffingtonpost.com,mecanico raso
535,Aurora,Knapman,2723500085,aknapmaneu@mit.edu,tester
536,Sharl,Claire,1077347191,sclaireev@amazon.de,mecanico superior
537,Johny,Hartlebury,2228688781,jhartleburyew@nhs.uk,tester
538,Nissa,Trimbey,6917273036,ntrimbeyex@umn.edu,mecanico raso
539,Averil,Gasparro,4093864226,agasparroey@cbslocal.com,tester
540,Latashia,Prigmore,6325254457,lprigmoreez@github.com,mecanico superior
541,Winny,Rickesies,4701455812,wrickesiesf0@sfgate.com,mecanico raso
542,Brit,Butterfill,8812908561,bbutterfillf1@vistaprint.com,mecanico raso
543,Sam,Infante,2719402171,sinfantef2@google.com.br,mecanico raso
544,Dallon,Phoebe,1137477246,dphoebef3@jugem.jp,mecanico superior
545,Gan,Triplett,2533851804,gtriplettf4@moonfruit.com,tester
546,Kathye,Prescot,9583260819,kprescotf5@goodreads.com,tester
547,Martino,Garstan,1534957641,mgarstanf6@gizmodo.com,tester
548,Josephina,Pinnijar,2576158904,jpinnijarf7@bloglovin.com,mecanico raso
549,Bank,Brideaux,6201342013,bbrideauxf8@cbsnews.com,mecanico raso
550,Benoit,Beardall,4473803131,bbeardallf9@bloglines.com,mecanico raso
551,Bernard,Stormouth,9559113978,bstormouthfa@tripadvisor.com,mecanico raso
552,Gregoire,Pauer,3009526586,gpauerfb@dmoz.org,mecanico superior
553,Louise,Shorey,8967042683,lshoreyfc@smh.com.au,mecanico superior
554,Calla,Pinwill,9361475272,cpinwillfd@cafepress.com,mecanico superior
555,Devora,Cominello,5491921991,dcominellofe@yolasite.com,mecanico superior
556,Karrah,Rettie,4239384577,krettieff@gnu.org,mecanico raso
557,Emelen,Wentworth,8822401475,ewentworthfg@istockphoto.com,mecanico raso
558,Lindsy,Cornu,6295979976,lcornufh@cyberchimps.com,tester
559,Trisha,Kernley,5537813064,tkernleyfi@prweb.com,tester
560,Nikolai,Battams,9887240192,nbattamsfj@chron.com,tester
561,Othella,Salleir,3638325145,osalleirfk@sina.com.cn,tester
562,Murray,Walklott,1043439666,mwalklottfl@vistaprint.com,mecanico superior
563,Gerianne,Larcier,6276513440,glarcierfm@mit.edu,mecanico raso
564,Lizzy,Lantuff,6501224837,llantufffn@linkedin.com,tester
565,Johnny,Birdis,5078857228,jbirdisfo@plala.or.jp,mecanico superior
566,Jule,Daen,9769093843,jdaenfp@lycos.com,mecanico raso
567,Clare,Cockerell,9431852744,ccockerellfq@wisc.edu,mecanico raso
568,Phillida,Carlo,9677476938,pcarlofr@bandcamp.com,mecanico raso
569,Adrianne,Pesselt,6139524125,apesseltfs@europa.eu,tester
570,Delmar,Crace,1554780734,dcraceft@hostgator.com,tester
571,Briney,Stibbs,3188109103,bstibbsfu@gnu.org,tester
572,Lura,Mordanti,1304509259,lmordantifv@cpanel.net,mecanico superior
573,Beryle,MacDermott,3639618122,bmacdermottfw@soundcloud.com,tester
574,Roley,Fairebrother,5204556540,rfairebrotherfx@moonfruit.com,mecanico superior
575,Maiga,Elsom,5603105790,melsomfy@ft.com,tester
576,Rubi,Bowe,1292664499,rbowefz@clickbank.net,tester
577,Shandie,Baribal,3567601413,sbaribalg0@netscape.com,tester
578,Darryl,McLorinan,2714038400,dmclorinang1@merriam-webster.com,mecanico raso
579,Dunstan,Berka,9848333322,dberkag2@technorati.com,tester
580,Brianne,Chotty,7067946546,bchottyg3@zimbio.com,mecanico raso
581,Sonny,Creed,7893106713,screedg4@va.gov,mecanico superior
582,Almeria,Tuffs,5791639509,atuffsg5@nba.com,mecanico superior
583,Vivi,Wilcher,3766384277,vwilcherg6@reverbnation.com,tester
584,Brock,Killcross,2153208716,bkillcrossg7@reverbnation.com,mecanico raso
585,Bettine,Blanking,9648939528,bblankingg8@google.pl,mecanico superior
586,Mitch,Hazael,7294816548,mhazaelg9@artisteer.com,tester
587,Clerissa,Chatband,7544930986,cchatbandga@amazon.de,mecanico superior
588,Felecia,Reijmers,5217925003,freijmersgb@marketwatch.com,tester
589,Griz,Bree,2172033458,gbreegc@abc.net.au,mecanico raso
590,Selinda,Revell,8567731279,srevellgd@ucla.edu,mecanico superior
591,Jacki,Scanlin,4034536908,jscanlinge@soup.io,mecanico superior
592,Tracie,Buckston,8327055294,tbuckstongf@wunderground.com,tester
593,Vivyanne,Bourdas,7832034732,vbourdasgg@mapy.cz,mecanico raso
594,Bertrand,Kippen,7908686587,bkippengh@bandcamp.com,tester
595,Issie,Kohen,4388383629,ikohengi@parallels.com,tester
596,Nevins,Veare,3722866502,nvearegj@cocolog-nifty.com,mecanico superior
597,Isaak,Leeder,9009313157,ileedergk@va.gov,mecanico superior
598,Kayne,Cudihy,1095457977,kcudihygl@pagesperso-orange.fr,mecanico superior
599,Evered,Littrik,5397689274,elittrikgm@amazon.co.uk,tester
600,Desirae,McTerrelly,3523505548,dmcterrellygn@hubpages.com,mecanico raso
601,Corrie,Mahood,5464509269,cmahoodgo@vk.com,tester
602,Gilberto,Pardie,2165114098,gpardiegp@wired.com,mecanico raso
603,Guinna,Wolsey,3058967587,gwolseygq@cafepress.com,mecanico superior
604,Gennifer,Cappleman,2173328612,gcapplemangr@aboutads.info,tester
605,Lena,Hullock,4152414843,lhullockgs@cbsnews.com,tester
606,Loise,Broyd,2759337953,lbroydgt@github.com,mecanico superior
607,Tan,Coneley,2317710481,tconeleygu@nba.com,mecanico superior
608,Gussi,Hagstone,5799810986,ghagstonegv@toplist.cz,mecanico raso
609,Lani,Tramel,2467226088,ltramelgw@comcast.net,tester
610,Aubry,Heskey,4522220688,aheskeygx@ameblo.jp,mecanico raso
611,Shepherd,Northfield,1387754474,snorthfieldgy@economist.com,mecanico superior
612,Judye,Gateshill,5063078867,jgateshillgz@ycombinator.com,tester
613,Giuditta,Hutchison,3888681437,ghutchisonh0@wikipedia.org,mecanico superior
614,Sebastiano,Walbrun,5156468657,swalbrunh1@fema.gov,tester
615,Arvie,Sunderland,1011855087,asunderlandh2@freewebs.com,tester
616,Meagan,Lyons,1137824247,mlyonsh3@paginegialle.it,mecanico raso
617,Costanza,Gogin,1721895139,cgoginh4@huffingtonpost.com,tester
618,Shandee,Ferrige,4008903910,sferrigeh5@skype.com,mecanico superior
619,Charmain,Peete,4262425815,cpeeteh6@domainmarket.com,mecanico superior
620,Mahmoud,Iddiens,3389348252,middiensh7@mediafire.com,mecanico raso
621,Kristin,Jarnell,6118926028,kjarnellh8@twitter.com,mecanico superior
622,Morganne,Arnaudet,9396400603,marnaudeth9@sourceforge.net,mecanico raso
623,Penny,Raffon,6733114777,praffonha@wired.com,mecanico raso
624,Mildred,Newey,1013509868,mneweyhb@bloglines.com,mecanico raso
625,Jo ann,Narramore,8494629061,jnarramorehc@theglobeandmail.com,mecanico raso
626,Sherrie,Bice,3051246837,sbicehd@google.nl,mecanico superior
627,Nestor,Eldredge,2424500042,neldredgehe@google.es,mecanico superior
628,Delly,Derl,4852446748,dderlhf@mayoclinic.com,mecanico raso
629,Nikola,Stocker,9086421563,nstockerhg@1und1.de,mecanico superior
630,Cristy,Maybery,1929327745,cmayberyhh@google.com,tester
631,Jorey,Kingshott,6147653639,jkingshotthi@auda.org.au,mecanico superior
632,Lanae,Catcheside,9421983122,lcatchesidehj@t-online.de,mecanico raso
633,Ginnie,Hackford,7772013071,ghackfordhk@chronoengine.com,tester
634,Kane,Regenhardt,3332254655,kregenhardthl@paginegialle.it,tester
635,Zelma,Gush,8316005923,zgushhm@princeton.edu,mecanico raso
636,Connor,Gallichan,4792168469,cgallichanhn@mtv.com,mecanico superior
637,Suzie,Gaishson,6887452244,sgaishsonho@ovh.net,mecanico raso
638,Carmelita,Bradick,8307933114,cbradickhp@tumblr.com,mecanico superior
639,Merralee,Dormon,7405997599,mdormonhq@china.com.cn,tester
640,Davita,Sargent,4941892728,dsargenthr@hibu.com,tester
641,Beale,Jasper,3195108422,bjasperhs@shinystat.com,tester
642,Garold,Coop,1223917758,gcoopht@utexas.edu,tester
643,Iggie,Reoch,1575575687,ireochhu@sciencedirect.com,mecanico raso
644,Upton,Stanmore,7551062278,ustanmorehv@yolasite.com,tester
645,Linus,Wainer,7955390992,lwainerhw@elegantthemes.com,tester
646,Hortensia,Chaimson,7052657661,hchaimsonhx@behance.net,tester
647,Lanie,Voff,9341591059,lvoffhy@symantec.com,tester
648,Claiborn,Brader,5799481788,cbraderhz@weibo.com,tester
649,Warner,Rowcliffe,4511097455,wrowcliffei0@netscape.com,mecanico superior
650,Sally,Chrystie,2537361576,schrystiei1@biblegateway.com,mecanico raso
651,Anneliese,Hurich,2216421918,ahurichi2@google.ca,mecanico superior
652,Nicki,Fuentez,7702577682,nfuentezi3@apple.com,mecanico superior
653,Maggi,Abbado,3316632616,mabbadoi4@edublogs.org,tester
654,Consalve,Soall,3004298284,csoalli5@about.me,mecanico raso
655,Carolan,Burnell,7633436406,cburnelli6@wix.com,mecanico raso
656,Fabian,Kirckman,9773734068,fkirckmani7@pen.io,mecanico superior
657,Eugene,Stroyan,8325733812,estroyani8@networkadvertising.org,mecanico superior
658,Joshua,Guild,4283329565,jguildi9@cnn.com,mecanico raso
659,Raquel,Cotterrill,5988402822,rcotterrillia@ed.gov,tester
660,Langsdon,Braley,4439680191,lbraleyib@etsy.com,mecanico superior
661,Junina,Ceaser,6771975750,jceaseric@ifeng.com,mecanico raso
662,Poppy,Arsey,7628647689,parseyid@vistaprint.com,tester
663,Lock,Prewer,7786115503,lprewerie@discovery.com,mecanico raso
664,Laurene,Romei,6389999522,lromeiif@moonfruit.com,tester
665,Jamil,Zoppo,6396969678,jzoppoig@meetup.com,mecanico raso
666,Eduard,Cossom,6325496602,ecossomih@whitehouse.gov,mecanico raso
667,Tricia,Grindall,9213128632,tgrindallii@tmall.com,mecanico superior
668,Selene,Moreby,8262721116,smorebyij@google.ru,mecanico raso
669,Darrin,Filgate,2034579650,dfilgateik@shop-pro.jp,mecanico raso
670,Dionysus,Western,5327031968,dwesternil@bandcamp.com,tester
671,Leicester,Brushneen,2282720381,lbrushneenim@cornell.edu,mecanico raso
672,Ira,Bruce,1211478218,ibrucein@ucsd.edu,mecanico raso
673,Anabella,Cazin,3696475548,acazinio@smh.com.au,mecanico raso
674,Aguste,Jurewicz,9265145475,ajurewiczip@twitter.com,mecanico raso
675,Dorthy,Kornyakov,2483565516,dkornyakoviq@mozilla.com,mecanico superior
676,Kaleb,O'Sherin,7073184078,kosherinir@smh.com.au,tester
677,Lois,Wyrall,8911542673,lwyrallis@time.com,tester
678,Julianna,Capozzi,8339955656,jcapozziit@taobao.com,tester
679,Adriano,Keaveny,2157243331,akeavenyiu@vkontakte.ru,mecanico raso
680,Junette,Sturch,9781844065,jsturchiv@nifty.com,tester
681,Arlette,Stearns,6307491393,astearnsiw@digg.com,mecanico raso
682,Mirabella,Theriot,6846537493,mtheriotix@opera.com,mecanico raso
683,Tabbatha,Silvermann,9622470080,tsilvermanniy@symantec.com,mecanico superior
684,Latisha,Camamile,4187244689,lcamamileiz@archive.org,mecanico superior
685,Saree,Gage,3323715824,sgagej0@a8.net,mecanico superior
686,Patty,Pontin,7697616395,ppontinj1@stanford.edu,mecanico superior
687,Mohammed,Dwane,3555820545,mdwanej2@businesswire.com,tester
688,Abrahan,McCartney,4968620547,amccartneyj3@marketwatch.com,mecanico superior
689,Dorelia,Blinerman,8007379585,dblinermanj4@harvard.edu,mecanico superior
690,Florri,Bloom,3037499289,fbloomj5@bbc.co.uk,mecanico raso
691,Lib,Semple,8661085187,lsemplej6@forbes.com,mecanico superior
692,Neda,Kendle,8805880509,nkendlej7@cbc.ca,mecanico raso
693,Ajay,Fullicks,5709211192,afullicksj8@geocities.com,mecanico raso
694,Logan,Sante,4334113037,lsantej9@trellian.com,mecanico raso
695,Benji,Capitano,4182730413,bcapitanoja@wikimedia.org,mecanico raso
696,Ricky,De Gouy,7739168223,rdegouyjb@newyorker.com,tester
697,Mallorie,Kinworthy,2097712607,mkinworthyjc@facebook.com,mecanico superior
698,Valerye,Parsonson,7794794882,vparsonsonjd@walmart.com,tester
699,Gabi,Lapworth,6996928582,glapworthje@cyberchimps.com,tester
700,Elysee,Songhurst,2691195355,esonghurstjf@is.gd,mecanico raso
701,Eimile,Huntall,6692091683,ehuntalljg@typepad.com,mecanico raso
702,Willis,Plows,6173962531,wplowsjh@flickr.com,mecanico raso
703,Gareth,Vaughan-Hughes,6835790775,gvaughanhughesji@joomla.org,mecanico superior
704,Virge,Mulqueen,7494082364,vmulqueenjj@chron.com,mecanico superior
705,Ulrika,Nurdin,1099071345,unurdinjk@yandex.ru,tester
706,Ivy,Bertot,3443284764,ibertotjl@newyorker.com,mecanico superior
707,Aubrette,Winpenny,9476939667,awinpennyjm@ycombinator.com,mecanico superior
708,Lura,Shinfield,2815920574,lshinfieldjn@delicious.com,mecanico raso
709,Madelena,Gibbie,2935365491,mgibbiejo@boston.com,tester
710,Ara,Drysdell,1676653498,adrysdelljp@wikia.com,tester
711,Silvana,Sharratt,9433811628,ssharrattjq@usgs.gov,tester
712,Valle,Holehouse,9314328470,vholehousejr@angelfire.com,mecanico superior
713,Helaine,Tregaskis,4089021508,htregaskisjs@hao123.com,mecanico superior
714,Abdul,Lackinton,5691064706,alackintonjt@goo.gl,mecanico raso
715,Lynne,Gostall,5682835169,lgostallju@hugedomains.com,mecanico raso
716,Germaine,Manion,7185773338,gmanionjv@upenn.edu,mecanico raso
717,Haskell,Busch,4244157348,hbuschjw@yahoo.com,mecanico raso
718,Ezequiel,Bradtke,3378257893,ebradtkejx@ebay.com,mecanico superior
719,Tessi,Pietrusiak,3524586809,tpietrusiakjy@fotki.com,mecanico superior
720,Ransell,Kirton,5787873237,rkirtonjz@ucoz.ru,tester
721,Raddie,Wingfield,4246856557,rwingfieldk0@privacy.gov.au,mecanico raso
722,Pooh,Bradbeer,3968141719,pbradbeerk1@live.com,tester
723,Sonnie,Ibarra,6803528178,sibarrak2@umn.edu,mecanico superior
724,Rowena,Clutterbuck,7518816210,rclutterbuckk3@google.ru,tester
725,Major,Pherps,5242724434,mpherpsk4@blogger.com,tester
726,Demetris,Brookzie,4021670576,dbrookziek5@biblegateway.com,tester
727,Elle,Bridle,8805290216,ebridlek6@phpbb.com,tester
728,Timmy,Rickeard,1948762292,trickeardk7@cmu.edu,mecanico superior
729,Doroteya,Gooders,3086296097,dgoodersk8@feedburner.com,mecanico raso
730,Jere,Derkes,9005278277,jderkesk9@paginegialle.it,mecanico superior
731,Margo,Gates,6931274257,mgateska@theglobeandmail.com,mecanico superior
732,Kaila,Sore,7523604390,ksorekb@usnews.com,mecanico raso
733,Germaine,Amorine,9005140064,gamorinekc@mozilla.org,tester
734,Sydney,Rackam,4185239910,srackamkd@phpbb.com,mecanico superior
735,Tove,Aucoate,7423506557,taucoateke@deliciousdays.com,mecanico raso
736,Cassandry,Stambridge,9097939528,cstambridgekf@example.com,mecanico raso
737,Gal,Vuittet,1477977180,gvuittetkg@eventbrite.com,tester
738,Roderigo,Von Welden,7247662057,rvonweldenkh@telegraph.co.uk,mecanico raso
739,Ortensia,Minnis,6521954260,ominniski@xing.com,tester
740,Wilone,Brackenridge,6355724284,wbrackenridgekj@imdb.com,mecanico superior
741,Alex,Brentnall,5166166458,abrentnallkk@alibaba.com,mecanico superior
742,Maximilian,Laise,4504632151,mlaisekl@msn.com,mecanico raso
743,Orelee,Gobert,8517369928,ogobertkm@hp.com,mecanico raso
744,Berne,Kupisz,6209076934,bkupiszkn@techcrunch.com,mecanico raso
745,Raye,Hing,6402263389,rhingko@theglobeandmail.com,tester
746,Ingrim,Bellwood,1051986136,ibellwoodkp@usda.gov,tester
747,Annaliese,Limprecht,4344965000,alimprechtkq@merriam-webster.com,mecanico raso
748,Gordie,Ridett,5835859112,gridettkr@dmoz.org,mecanico raso
749,Effie,Fischer,5292605794,efischerks@live.com,tester
750,Gwenni,Boardman,8345415238,gboardmankt@typepad.com,mecanico superior
751,Amby,Durdan,5977312311,adurdanku@cargocollective.com,mecanico raso
752,Shelbi,Danielut,6586474132,sdanielutkv@chronoengine.com,mecanico raso
753,Dorice,Golton,4642163906,dgoltonkw@prweb.com,mecanico raso
754,Eleni,Aisbett,5483611979,eaisbettkx@bbc.co.uk,mecanico superior
755,Dorolisa,Bayle,7208878492,dbayleky@hao123.com,mecanico superior
756,Thalia,Whewell,3182805735,twhewellkz@bandcamp.com,tester
757,Jeannie,Dunks,7881423475,jdunksl0@biglobe.ne.jp,mecanico raso
758,Jecho,Philippart,5242699936,jphilippartl1@g.co,mecanico superior
759,Naoma,Souch,7827552652,nsouchl2@answers.com,mecanico superior
760,Rolph,Cullington,6852418830,rcullingtonl3@fema.gov,mecanico superior
761,Niles,Lghan,3445280249,nlghanl4@usatoday.com,mecanico raso
762,Marcia,Kalinke,2265810882,mkalinkel5@timesonline.co.uk,tester
763,Erika,Alanbrooke,7703098577,ealanbrookel6@paginegialle.it,tester
764,Madlen,Abden,8507780846,mabdenl7@boston.com,mecanico superior
765,Cornall,Rubinovitch,8897736558,crubinovitchl8@squarespace.com,tester
766,Zorana,Tosh,8473848201,ztoshl9@ustream.tv,mecanico superior
767,Christiane,Vasser,8524870424,cvasserla@technorati.com,mecanico superior
768,Norri,Kaspar,6328574080,nkasparlb@flickr.com,mecanico raso
769,Andie,Alentyev,2402729202,aalentyevlc@comsenz.com,mecanico superior
770,Emmy,Bussens,8559134563,ebussensld@whitehouse.gov,tester
771,Christalle,Genders,1458710433,cgendersle@lulu.com,mecanico raso
772,Adan,Schleswig-Holstein,4583790110,aschleswigholsteinlf@cdbaby.com,tester
773,Sibilla,Sporgeon,4803342285,ssporgeonlg@macromedia.com,tester
774,Zia,McCandie,3986533080,zmccandielh@xinhuanet.com,mecanico superior
775,Josias,Bowman,2533409834,jbowmanli@myspace.com,mecanico raso
776,Sofia,Paridge,4266389434,sparidgelj@seesaa.net,mecanico superior
777,Catlin,Healeas,3812655018,chealeaslk@yolasite.com,mecanico raso
778,Hal,Albertson,2457045154,halbertsonll@miibeian.gov.cn,mecanico superior
779,Kirstyn,Mariot,6525671939,kmariotlm@telegraph.co.uk,tester
780,Sauveur,Minithorpe,4665482876,sminithorpeln@wikispaces.com,tester
781,Bunnie,Spinelli,3348300390,bspinellilo@wisc.edu,tester
782,Bamby,Leming,7406403893,bleminglp@nytimes.com,mecanico raso
783,Velvet,Axelby,8098287789,vaxelbylq@odnoklassniki.ru,mecanico raso
784,Jephthah,Keays,9413137310,jkeayslr@issuu.com,mecanico superior
785,Courtnay,Larose,4047979595,clarosels@yahoo.co.jp,tester
786,Rubie,MacHoste,7138672974,rmachostelt@ibm.com,mecanico superior
787,Tova,Irvin,4743770135,tirvinlu@arizona.edu,mecanico raso
788,Iosep,Isacoff,7629056585,iisacofflv@usa.gov,tester
789,Madlin,Dickinson,3238216911,mdickinsonlw@histats.com,mecanico raso
790,Cy,Gorriessen,5557153855,cgorriessenlx@theguardian.com,tester
791,Harold,Messier,9078859474,hmessierly@google.es,mecanico superior
792,Janelle,Gooderson,4551522331,jgoodersonlz@phpbb.com,tester
793,Alexandros,Posselwhite,9705700302,aposselwhitem0@weather.com,tester
794,Jody,Leebeter,4678996648,jleebeterm1@bandcamp.com,mecanico raso
795,Ariel,Hamprecht,4175615388,ahamprechtm2@domainmarket.com,mecanico superior
796,Courtney,Fish,3203086714,cfishm3@feedburner.com,mecanico raso
797,Nikki,Longfellow,7923098552,nlongfellowm4@blogs.com,mecanico raso
798,Tine,Corroyer,4845631671,tcorroyerm5@csmonitor.com,mecanico raso
799,Baron,Desantis,7387456309,bdesantism6@cloudflare.com,mecanico raso
800,Ulrike,Wolvey,5481285424,uwolveym7@webnode.com,tester
801,Cirillo,Bruffell,3913026926,cbruffellm8@ezinearticles.com,tester
802,Bea,Loader,9205516250,bloaderm9@4shared.com,tester
803,Tommie,Perrycost,6973901675,tperrycostma@nifty.com,tester
804,Marylou,Ludwikiewicz,5533259266,mludwikiewiczmb@harvard.edu,mecanico raso
805,Myrah,Penfold,2015180190,mpenfoldmc@tamu.edu,mecanico superior
806,Amitie,Graeser,8276505635,agraesermd@booking.com,mecanico superior
807,Kennie,Newbury,3115647306,knewburyme@google.cn,mecanico superior
808,Les,Bennetts,3224034455,lbennettsmf@vk.com,tester
809,Wyn,Vassano,1423163404,wvassanomg@sohu.com,tester
810,Abbey,Peile,6137235008,apeilemh@comsenz.com,mecanico superior
811,Cissiee,Doog,6074526569,cdoogmi@hp.com,tester
812,Julieta,Lilleyman,7731152318,jlilleymanmj@upenn.edu,mecanico raso
813,Leda,Doyley,4141684650,ldoyleymk@weather.com,tester
814,Ahmed,Sherme,4665950958,ashermeml@edublogs.org,tester
815,Kelwin,Piele,5279575197,kpielemm@t.co,mecanico superior
816,Fredrick,Plumstead,9664153613,fplumsteadmn@pbs.org,tester
817,Edith,Dawby,4649821160,edawbymo@buzzfeed.com,mecanico raso
818,Karoline,Chrstine,8898410638,kchrstinemp@google.co.jp,tester
819,Wye,Bannester,7172035831,wbannestermq@google.ca,tester
820,Lurleen,Sultan,8668719640,lsultanmr@addtoany.com,tester
821,Milo,Micklewicz,6006543936,mmicklewiczms@comcast.net,mecanico raso
822,Ingra,Kubacki,7972933212,ikubackimt@soundcloud.com,tester
823,Vivyan,Tripney,6067960849,vtripneymu@github.io,mecanico raso
824,Lindsay,Hammerberg,1987845703,lhammerbergmv@forbes.com,mecanico superior
825,Garey,Camamile,1003344650,gcamamilemw@jiathis.com,mecanico raso
826,Dyan,Pawlaczyk,2283544513,dpawlaczykmx@t.co,tester
827,Adan,Hebden,2068172268,ahebdenmy@rambler.ru,mecanico superior
828,Kimberli,Onn,4422966096,konnmz@51.la,tester
829,Otha,Wink,4208067646,owinkn0@army.mil,mecanico raso
830,Igor,Munnery,5881150074,imunneryn1@mtv.com,mecanico superior
831,Nerty,Denkin,8432918278,ndenkinn2@china.com.cn,mecanico raso
832,Maybelle,Labitt,8441933882,mlabittn3@wikia.com,mecanico superior
833,Gayler,Victoria,9403100369,gvictorian4@ucoz.com,mecanico raso
834,Zorana,Jumeau,6318144102,zjumeaun5@sfgate.com,tester
835,Cash,Gorioli,7832209729,cgoriolin6@acquirethisname.com,mecanico raso
836,Bennie,Vella,3466082575,bvellan7@paypal.com,mecanico raso
837,Blondell,Bonder,1914748082,bbondern8@t.co,mecanico superior
838,Waly,Delwater,3381609401,wdelwatern9@reference.com,tester
839,Garrard,Pappin,1278748445,gpappinna@gravatar.com,tester
840,Brod,Lankford,9349626817,blankfordnb@wufoo.com,mecanico superior
841,Hazel,Butson,4296455175,hbutsonnc@netlog.com,mecanico raso
842,Felipe,Sumers,7133142801,fsumersnd@indiegogo.com,tester
843,Theda,Gherardesci,7778220441,tgherardescine@blogs.com,mecanico superior
844,Tudor,Spellar,2013820887,tspellarnf@dmoz.org,mecanico superior
845,Nathalia,Bartlomiej,2447469853,nbartlomiejng@homestead.com,mecanico raso
846,Oran,Kall,3022711019,okallnh@tripod.com,mecanico raso
847,Tuckie,Concannon,6769649209,tconcannonni@blogspot.com,mecanico superior
848,Darn,Zollner,3539088218,dzollnernj@fastcompany.com,mecanico superior
849,Cecelia,Rowles,8128576073,crowlesnk@ox.ac.uk,mecanico raso
850,Hew,Klaassens,4955371553,hklaassensnl@mashable.com,tester
851,Bridie,Annesley,1302154125,bannesleynm@people.com.cn,tester
852,Shurlock,Moyne,6441801279,smoynenn@apple.com,mecanico raso
853,Clay,Standell,1835347809,cstandellno@thetimes.co.uk,mecanico raso
854,Bruce,Grogor,4438997201,bgrogornp@rambler.ru,mecanico superior
855,Hollis,Proske,4379808739,hproskenq@instagram.com,mecanico superior
856,Pete,Barfitt,8912792026,pbarfittnr@amazon.de,tester
857,Nikolia,Mathen,5888622329,nmathenns@blogtalkradio.com,tester
858,Sim,Leedal,1515131807,sleedalnt@is.gd,mecanico superior
859,Vale,Ridgwell,4367926857,vridgwellnu@list-manage.com,mecanico superior
860,Norma,McNelly,1642542699,nmcnellynv@microsoft.com,mecanico raso
861,Katrinka,Cawse,7144655028,kcawsenw@plala.or.jp,mecanico superior
862,Dougie,Fitchew,9306820208,dfitchewnx@free.fr,mecanico raso
863,Reuben,Grant,3737103236,rgrantny@washington.edu,mecanico superior
864,Ermina,Lindsey,6967078858,elindseynz@hubpages.com,mecanico superior
865,Kory,Burstow,9361078500,kburstowo0@va.gov,mecanico raso
866,Costa,Dudny,1597429798,cdudnyo1@moonfruit.com,mecanico raso
867,Randie,Cappleman,9782081841,rcapplemano2@etsy.com,tester
868,Hale,Dunbar,8239826175,hdunbaro3@themeforest.net,tester
869,Enoch,Puddephatt,6489752888,epuddephatto4@deliciousdays.com,mecanico superior
870,Baxter,Simonitto,6047720154,bsimonittoo5@nps.gov,tester
871,Cindee,Thebes,7795764641,cthebeso6@accuweather.com,mecanico superior
872,Shelby,Hedaux,5237324538,shedauxo7@lycos.com,tester
873,Klaus,Aumerle,8426353540,kaumerleo8@discuz.net,mecanico superior
874,Waring,Gerlack,8972749997,wgerlacko9@weebly.com,mecanico superior
875,Jennine,Hastwall,7573174435,jhastwalloa@zdnet.com,mecanico superior
876,Konstantine,Conway,5003146262,kconwayob@sbwire.com,mecanico raso
877,Phillie,Sleit,1828775971,psleitoc@edublogs.org,mecanico superior
878,Otto,Webb,7446976895,owebbod@wikia.com,mecanico superior
879,Lindsy,Ormshaw,3568682941,lormshawoe@example.com,mecanico raso
880,Cacilia,O'Gready,8962019918,cogreadyof@diigo.com,tester
881,Gracia,Summerill,3177149994,gsummerillog@google.fr,mecanico raso
882,Valera,Marsy,7519243766,vmarsyoh@acquirethisname.com,tester
883,Vincenz,Huccaby,2126070276,vhuccabyoi@mlb.com,tester
884,Stevie,Glascott,9717443651,sglascottoj@godaddy.com,mecanico raso
885,Kippar,Town,8952312989,ktownok@nationalgeographic.com,mecanico superior
886,Gwendolyn,Scone,4142222475,gsconeol@si.edu,mecanico raso
887,Theresita,Dearlove,1374411009,tdearloveom@newsvine.com,mecanico raso
888,Manny,Pero,4811070366,mperoon@timesonline.co.uk,mecanico superior
889,Goldi,Trassler,1968303925,gtrassleroo@hatena.ne.jp,mecanico superior
890,Court,Penas,3722226219,cpenasop@bloglines.com,mecanico raso
891,Teena,Bellenie,9741959421,tbellenieoq@techcrunch.com,mecanico superior
892,Ilyssa,Merioth,4691877074,imeriothor@issuu.com,tester
893,Clary,Rosnau,8342641522,crosnauos@prlog.org,mecanico superior
894,Kelsi,Molnar,4091875101,kmolnarot@jigsy.com,mecanico raso
895,Emilee,Veevers,9951895681,eveeversou@360.cn,mecanico superior
896,Andrey,Sherme,5177247769,ashermeov@nymag.com,tester
897,Tabbitha,Rowlstone,1487945492,trowlstoneow@theatlantic.com,mecanico superior
898,Nicolina,Chadderton,4729821819,nchaddertonox@tripod.com,mecanico raso
899,Thorpe,Symper,6257841100,tsymperoy@ehow.com,mecanico raso
900,Osbert,Cesaric,7503836511,ocesaricoz@simplemachines.org,mecanico raso
901,Brit,Nan Carrow,4323142134,bnancarrowp0@free.fr,mecanico superior
902,Shawnee,Mouton,8248358903,smoutonp1@bluehost.com,mecanico raso
903,Skip,Kennady,8259750500,skennadyp2@opensource.org,mecanico raso
904,Obadias,Lowdeane,5597185354,olowdeanep3@princeton.edu,mecanico raso
905,Shoshanna,Gaynes,2395131726,sgaynesp4@washingtonpost.com,mecanico raso
906,Padriac,Alliston,7213349482,pallistonp5@tmall.com,mecanico raso
907,Elwyn,Tipler,6108034327,etiplerp6@cnn.com,mecanico raso
908,Maddie,Trees,6087123389,mtreesp7@economist.com,tester
909,Derrick,Leacy,4451855765,dleacyp8@domainmarket.com,mecanico raso
910,Maribel,Briggdale,4604024100,mbriggdalep9@china.com.cn,mecanico raso
911,Sheridan,Lippett,2465645063,slippettpa@digg.com,mecanico superior
912,Florette,King,6707947264,fkingpb@economist.com,mecanico raso
913,Silas,Bewley,4027816636,sbewleypc@e-recht24.de,tester
914,Erastus,Armsden,9724274090,earmsdenpd@who.int,mecanico raso
915,Jonis,Lanfear,7317729424,jlanfearpe@google.cn,mecanico raso
916,Kirstyn,Dymick,2751549227,kdymickpf@comsenz.com,tester
917,Laurent,Bayns,2681559920,lbaynspg@sohu.com,tester
918,Asia,Fitch,2639179046,afitchph@bravesites.com,tester
919,Care,Gurg,3023748765,cgurgpi@list-manage.com,tester
920,Jasun,Urion,8321760112,jurionpj@blog.com,mecanico raso
921,Anabal,Yeowell,9632768371,ayeowellpk@reddit.com,mecanico raso
922,Hilda,MacCurley,1237530560,hmaccurleypl@hhs.gov,mecanico superior
923,Sande,Viegas,4444302390,sviegaspm@addthis.com,tester
924,Gabriello,Acey,9116887557,gaceypn@dyndns.org,mecanico superior
925,Salvatore,Josephsen,9831501552,sjosephsenpo@icio.us,mecanico raso
926,Johnny,Westfalen,3064602569,jwestfalenpp@irs.gov,mecanico superior
927,Nicolas,McAmish,1474987109,nmcamishpq@sakura.ne.jp,mecanico superior
928,Doralynn,Dell Casa,8165385296,ddellcasapr@mac.com,tester
929,Shanon,Bukowski,9327872987,sbukowskips@geocities.jp,mecanico superior
930,Putnem,Pulhoster,2503468915,ppulhosterpt@vimeo.com,mecanico raso
931,Louisette,Kershaw,7193720258,lkershawpu@shop-pro.jp,mecanico raso
932,Jessa,Vittore,3602178783,jvittorepv@goo.ne.jp,tester
933,Conway,McClary,2239695894,cmcclarypw@edublogs.org,mecanico raso
934,Blanche,Hardi,2473603269,bhardipx@oakley.com,mecanico raso
935,Tanner,Iscowitz,2341903028,tiscowitzpy@miitbeian.gov.cn,mecanico raso
936,Giselle,Lillow,2806655679,glillowpz@twitpic.com,mecanico superior
937,Monique,O'Carmody,4893576514,mocarmodyq0@themeforest.net,mecanico raso
938,Minny,Flanders,4062497183,mflandersq1@newyorker.com,mecanico superior
939,Dehlia,Gullis,1968290144,dgullisq2@princeton.edu,mecanico raso
940,Maritsa,Prestage,4067743461,mprestageq3@europa.eu,mecanico raso
941,Stanislaw,Fraulo,5973138318,sfrauloq4@yellowbook.com,tester
942,Norry,Aubrun,7793176616,naubrunq5@edublogs.org,mecanico superior
943,Min,Harsnep,2453536558,mharsnepq6@amazon.de,tester
944,Cobb,Patton,5321569044,cpattonq7@xing.com,mecanico superior
945,Rene,Fassmann,8092535052,rfassmannq8@nbcnews.com,mecanico raso
946,Ward,de Merida,2009377404,wdemeridaq9@washington.edu,mecanico raso
947,Aidan,Ovanesian,8445333411,aovanesianqa@geocities.com,mecanico superior
948,Chelsie,Doughill,7182240506,cdoughillqb@ox.ac.uk,mecanico raso
949,Rodi,Tax,6931504676,rtaxqc@addthis.com,mecanico superior
950,Nicole,Andrusyak,2012298760,nandrusyakqd@thetimes.co.uk,mecanico superior
951,Yuri,Ruckman,8111569678,yruckmanqe@imgur.com,mecanico raso
952,Drud,Wyer,7822675912,dwyerqf@a8.net,tester
953,Arvy,Packington,9586776531,apackingtonqg@ihg.com,mecanico raso
954,Pierette,Ganderton,4936606553,pgandertonqh@java.com,mecanico raso
955,Nikola,Pine,2145284988,npineqi@wikia.com,tester
956,Ambrosius,Kruse,9294505017,akruseqj@google.com.br,tester
957,Delphinia,Laidlaw,2386143278,dlaidlawqk@redcross.org,mecanico raso
958,Adora,Woollard,3172620403,awoollardql@google.es,tester
959,Misha,Styant,9721017706,mstyantqm@hhs.gov,tester
960,Loralee,Sabie,6452592593,lsabieqn@soundcloud.com,mecanico raso
961,Vanny,Klosges,4109797903,vklosgesqo@ocn.ne.jp,tester
962,Arvy,Thulborn,7916195385,athulbornqp@furl.net,tester
963,Leupold,Stonuary,2373576913,lstonuaryqq@seattletimes.com,mecanico superior
964,Cheston,Beaby,3132070259,cbeabyqr@washington.edu,mecanico superior
965,Calypso,Avo,8864236614,cavoqs@statcounter.com,mecanico raso
966,Yul,Washington,9793843971,ywashingtonqt@phoca.cz,mecanico raso
967,Elyssa,Doogan,2293646707,edooganqu@cornell.edu,mecanico raso
968,Clarke,Jerrams,8175528448,cjerramsqv@prweb.com,tester
969,Cathi,Lawrenceson,8558647507,clawrencesonqw@about.me,mecanico raso
970,Chlo,Davitashvili,3169641345,cdavitashviliqx@google.es,mecanico superior
971,Jamie,Duggon,5408234440,jduggonqy@com.com,mecanico superior
972,Lou,Bourgourd,8175207502,lbourgourdqz@gov.uk,mecanico superior
973,Thatch,Gook,6357027775,tgookr0@cbslocal.com,tester
974,Chiquita,Verralls,5053696775,cverrallsr1@apple.com,mecanico raso
975,Pietrek,Kewzick,4491178301,pkewzickr2@g.co,tester
976,Hedy,Gadney,1969648611,hgadneyr3@qq.com,mecanico raso
977,Sioux,Bugby,3047522006,sbugbyr4@joomla.org,mecanico raso
978,Maryellen,Cleaveland,6255321448,mcleavelandr5@japanpost.jp,mecanico superior
979,Bryana,Henbury,5197265994,bhenburyr6@boston.com,mecanico raso
980,Wye,Truelove,1079999638,wtruelover7@twitpic.com,mecanico superior
981,Randy,Wheatley,2681626791,rwheatleyr8@sina.com.cn,mecanico superior
982,Ettore,Benjefield,2091739804,ebenjefieldr9@hibu.com,mecanico superior
983,Zaneta,Killimister,8071568240,zkillimisterra@europa.eu,mecanico superior
984,Clarke,Van De Cappelle,6775858993,cvandecappellerb@engadget.com,mecanico raso
985,Andromache,Geekie,9538216933,ageekierc@ox.ac.uk,mecanico raso
986,Viviene,Le Ball,7781406799,vleballrd@seattletimes.com,mecanico superior
987,Wilona,Spurden,4543697038,wspurdenre@disqus.com,mecanico raso
988,Shoshanna,Kretschmer,5734487286,skretschmerrf@wordpress.com,mecanico superior
989,Darcie,Piscopiello,6116207049,dpiscopiellorg@blogtalkradio.com,mecanico superior
990,Alaster,Witheridge,8497097701,awitheridgerh@google.cn,mecanico superior
991,Haywood,Cronkshaw,1421724007,hcronkshawri@fastcompany.com,tester
992,Israel,Gadson,5314968264,igadsonrj@google.pl,mecanico superior
993,Nadeen,Ingreda,3622029536,ningredark@360.cn,mecanico raso
994,Murial,Joiris,5443115752,mjoirisrl@epa.gov,mecanico superior
995,Pavel,Plumbridge,5704481097,pplumbridgerm@shareasale.com,mecanico superior
996,Brigg,Trynor,8492528294,btrynorrn@auda.org.au,mecanico superior
997,Stavro,McCullagh,3078474549,smccullaghro@narod.ru,mecanico raso
998,Ozzy,Goodwill,1903322908,ogoodwillrp@yellowpages.com,mecanico raso
999,Kenton,Bernon,4191306801,kbernonrq@irs.gov,tester
1000,Bern,Bonhomme,9531317080,bbonhommerr@google.com.hk,mecanico superior
